datetime,open,high,low,close,volume
2023-02-21 00:00:00,21.0,21.493999481201172,20.618000030517578,20.655000686645508,410015000.0
2023-02-22 00:00:00,20.707000732421875,21.104000091552734,20.42099952697754,20.753999710083008,513184000.0
2023-02-23 00:00:00,23.440000534057617,23.88800048828125,23.024999618530273,23.663999557495117,1117995000.0
2023-02-24 00:00:00,23.225000381469727,23.474000930786133,22.94700050354004,23.285999298095703,589716000.0
2023-02-27 00:00:00,23.670000076293945,23.8799991607666,23.45400047302246,23.500999450683594,452994000.0
2023-02-28 00:00:00,23.371999740600586,23.825000762939453,23.20599937438965,23.215999603271484,455963000.0
2023-03-01 00:00:00,23.191999435424805,23.256000518798828,22.507999420166016,22.697999954223633,460026000.0
2023-03-02 00:00:00,22.488000869750977,23.3799991607666,22.43199920654297,23.31399917602539,389415000.0
2023-03-03 00:00:00,23.31999969482422,23.899999618530273,23.1299991607666,23.889999389648438,412393000.0
2023-03-06 00:00:00,23.891000747680664,24.24799919128418,23.48699951171875,23.554000854492188,437429000.0
2023-03-07 00:00:00,23.600000381469727,24.125,23.240999221801758,23.288000106811523,515154000.0
2023-03-08 00:00:00,23.48699951171875,24.200000762939453,23.423999786376953,24.180999755859375,513573000.0
2023-03-09 00:00:00,24.174999237060547,24.45400047302246,23.382999420166016,23.43600082397461,501257000.0
2023-03-10 00:00:00,23.409000396728516,23.62700080871582,22.72599983215332,22.96500015258789,474866000.0
2023-03-13 00:00:00,22.75200080871582,23.29800033569336,22.297000885009766,22.965999603271484,421890000.0
2023-03-14 00:00:00,23.496000289916992,24.2189998626709,23.459999084472656,24.062999725341797,474910000.0
2023-03-15 00:00:00,23.76099967956543,24.285999298095703,23.360000610351562,24.22800064086914,524486000.0
2023-03-16 00:00:00,24.027000427246094,25.58799934387207,23.893999099731445,25.541000366210938,583253000.0
2023-03-17 00:00:00,25.98200035095215,26.39900016784668,25.667999267578125,25.725000381469727,848547000.0
2023-03-20 00:00:00,25.614999771118164,26.02400016784668,25.1299991607666,25.899999618530273,432747000.0
2023-03-21 00:00:00,26.18000030517578,26.392000198364258,25.381000518798828,26.198999404907227,547408000.0
2023-03-22 00:00:00,26.424999237060547,27.589000701904297,26.23699951171875,26.468000411987305,797295000.0
2023-03-23 00:00:00,27.114999771118164,27.499000549316406,26.690000534057617,27.19099998474121,564889000.0
2023-03-24 00:00:00,27.0310001373291,27.16699981689453,26.354999542236328,26.77899932861328,454920000.0
2023-03-27 00:00:00,26.836999893188477,27.0,26.364999771118164,26.5310001373291,361026000.0
2023-03-28 00:00:00,26.44700050354004,26.51300048828125,25.850000381469727,26.40999984741211,356104000.0
2023-03-29 00:00:00,26.825000762939453,27.077999114990234,26.597000122070312,26.983999252319336,393694000.0
2023-03-30 00:00:00,27.229000091552734,27.499000549316406,27.101999282836914,27.382999420166016,364516000.0
2023-03-31 00:00:00,27.139999389648438,27.833999633789062,27.104999542236328,27.777000427246094,433933000.0
2023-04-03 00:00:00,27.509000778198242,28.0,27.336000442504883,27.96500015258789,398716000.0
2023-04-04 00:00:00,27.965999603271484,28.0,27.30699920654297,27.452999114990234,368592000.0
2023-04-05 00:00:00,26.82900047302246,26.99799919128418,26.395000457763672,26.881000518798828,515015000.0
2023-04-06 00:00:00,26.583999633789062,27.079999923706055,26.427000045776367,27.03700065612793,397654000.0
2023-04-10 00:00:00,26.822999954223633,27.621000289916992,26.66900062561035,27.57900047302246,395279000.0
2023-04-11 00:00:00,27.724000930786133,27.790000915527344,27.125999450683594,27.16900062561035,314378000.0
2023-04-12 00:00:00,27.3700008392334,27.468000411987305,26.447999954223633,26.4950008392334,446259000.0
2023-04-13 00:00:00,26.733999252319336,26.886999130249023,26.32900047302246,26.46299934387207,353615000.0
2023-04-14 00:00:00,26.503999710083008,26.882999420166016,26.219999313354492,26.757999420166016,395660000.0
2023-04-17 00:00:00,26.565000534057617,27.006000518798828,26.433000564575195,27.00200080871582,321471000.0
2023-04-18 00:00:00,27.533000946044922,28.110000610351562,27.35700035095215,27.66699981689453,604812000.0
2023-04-19 00:00:00,27.361000061035156,28.0,27.23200035095215,27.930999755859375,358660000.0
2023-04-20 00:00:00,27.67099952697754,28.030000686645508,27.0,27.104000091552734,427713000.0
2023-04-21 00:00:00,26.95199966430664,27.183000564575195,26.722000122070312,27.118999481201172,345103000.0
2023-04-24 00:00:00,27.01300048828125,27.365999221801758,26.67099952697754,27.04199981689453,339282000.0
2023-04-25 00:00:00,27.077999114990234,27.246999740600586,26.225000381469727,26.240999221801758,378527000.0
2023-04-26 00:00:00,27.00200080871582,27.329999923706055,26.704999923706055,26.95599937438965,406337000.0
2023-04-27 00:00:00,27.363000869750977,27.4950008392334,26.625,27.22599983215332,377161000.0
2023-04-28 00:00:00,27.225000381469727,27.757999420166016,27.070999145507812,27.749000549316406,292216000.0
2023-05-01 00:00:00,27.84000015258789,29.058000564575195,27.780000686645508,28.90999984741211,570329000.0
2023-05-02 00:00:00,28.68000030517578,28.836000442504883,28.08300018310547,28.209999084472656,402730000.0
2023-05-03 00:00:00,27.84000015258789,28.367000579833984,27.472000122070312,27.802000045776367,383387000.0
2023-05-04 00:00:00,27.650999069213867,27.858999252319336,27.239999771118164,27.562000274658203,321850000.0
2023-05-05 00:00:00,27.826000213623047,28.7549991607666,27.731000900268555,28.68000030517578,361494000.0
2023-05-08 00:00:00,28.52199935913086,29.219999313354492,28.350000381469727,29.150999069213867,344979000.0
2023-05-09 00:00:00,28.89900016784668,28.972999572753906,28.450000762939453,28.570999145507812,314869000.0
2023-05-10 00:00:00,29.0049991607666,29.113000869750977,28.461000442504883,28.885000228881836,369350000.0
2023-05-11 00:00:00,28.895999908447266,28.950000762939453,28.246000289916992,28.577999114990234,322149000.0
2023-05-12 00:00:00,28.52899932861328,28.780000686645508,28.04599952697754,28.34000015258789,274222000.0
2023-05-15 00:00:00,28.507999420166016,28.9689998626709,28.152000427246094,28.952999114990234,293926000.0
2023-05-16 00:00:00,28.840999603271484,29.8700008392334,28.832000732421875,29.21299934387207,449405000.0
2023-05-17 00:00:00,29.583999633789062,30.198999404907227,29.43000030517578,30.17799949645996,432535000.0
2023-05-18 00:00:00,30.40999984741211,31.827999114990234,30.31999969482422,31.67799949645996,748725000.0
2023-05-19 00:00:00,31.535999298095703,31.579999923706055,30.916000366210938,31.263999938964844,473908000.0
2023-05-22 00:00:00,30.900999069213867,31.520000457763672,30.68000030517578,31.176000595092773,372000000.0
2023-05-23 00:00:00,31.0,31.288000106811523,30.631000518798828,30.687999725341797,356253000.0
2023-05-24 00:00:00,30.209999084472656,30.60700035095215,29.805999755859375,30.538000106811523,721419000.0
2023-05-25 00:00:00,38.52299880981445,39.47999954223633,36.6349983215332,37.97999954223633,1543911000.0
2023-05-26 00:00:00,37.88999938964844,39.16999816894531,37.54999923706055,38.94599914550781,714397000.0
2023-05-30 00:00:00,40.595001220703125,41.9379997253418,39.94900131225586,40.111000061035156,923401000.0
2023-05-31 00:00:00,39.487998962402344,40.29499816894531,37.821998596191406,37.83399963378906,1002580000.0
2023-06-01 00:00:00,38.48899841308594,40.04999923706055,38.34000015258789,39.77000045776367,635873000.0
2023-06-02 00:00:00,40.09700012207031,40.5,39.05799865722656,39.32699966430664,482731000.0
2023-06-05 00:00:00,38.909000396728516,39.564998626708984,38.707000732421875,39.17100143432617,396094000.0
2023-06-06 00:00:00,38.83000183105469,39.15999984741211,38.14799880981445,38.65399932861328,388729000.0
2023-06-07 00:00:00,38.915000915527344,39.499000549316406,37.35599899291992,37.474998474121094,511998000.0
2023-06-08 00:00:00,37.7239990234375,38.86399841308594,37.505001068115234,38.5099983215332,417772000.0
2023-06-09 00:00:00,39.0369987487793,39.71099853515625,38.56700134277344,38.77000045776367,427717000.0
2023-06-12 00:00:00,39.20000076293945,39.529998779296875,38.61800003051758,39.481998443603516,388701000.0
2023-06-13 00:00:00,40.18600082397461,41.10100173950195,39.7400016784668,41.02199935913086,613208000.0
2023-06-14 00:00:00,40.82400131225586,43.0,40.551998138427734,42.99700164794922,740465000.0
2023-06-15 00:00:00,42.60200119018555,43.28900146484375,42.14699935913086,42.65299987792969,568622000.0
2023-06-16 00:00:00,43.45000076293945,43.72100067138672,42.6609992980957,42.69200134277344,655709000.0
2023-06-20 00:00:00,42.99800109863281,43.9900016784668,42.67399978637695,43.80799865722656,451153000.0
2023-06-21 00:00:00,43.500999450683594,43.6150016784668,42.08000183105469,43.04499816894531,551603000.0
2023-06-22 00:00:00,42.25299835205078,43.42599868774414,42.23400115966797,43.025001525878906,417737000.0
2023-06-23 00:00:00,42.4640007019043,42.808998107910156,42.01499938964844,42.20899963378906,358140000.0
2023-06-26 00:00:00,42.46099853515625,42.763999938964844,40.099998474121094,40.63199996948242,594322000.0
2023-06-27 00:00:00,40.79899978637695,41.939998626708984,40.448001861572266,41.875999450683594,462175000.0
2023-06-28 00:00:00,40.65999984741211,41.845001220703125,40.518001556396484,41.117000579833984,582639000.0
2023-06-29 00:00:00,41.55799865722656,41.599998474121094,40.599998474121094,40.821998596191406,380514000.0
2023-06-30 00:00:00,41.68000030517578,42.54999923706055,41.500999450683594,42.301998138427734,501148000.0
2023-07-03 00:00:00,42.516998291015625,42.89799880981445,42.20199966430664,42.41299819946289,198209000.0
2023-07-05 00:00:00,42.1349983215332,43.176998138427734,42.084999084472656,42.31700134277344,323618000.0
2023-07-06 00:00:00,41.84400177001953,42.17900085449219,41.34600067138672,42.10300064086914,303582000.0
2023-07-07 00:00:00,42.321998596191406,43.2140007019043,42.18000030517578,42.50299835205078,355881000.0
2023-07-10 00:00:00,42.65700149536133,42.81100082397461,41.64899826049805,42.18000030517578,353908000.0
2023-07-11 00:00:00,42.48099899291992,42.757999420166016,42.06700134277344,42.404998779296875,298244000.0
2023-07-12 00:00:00,43.03300094604492,43.935001373291016,42.777000427246094,43.902000427246094,481277000.0
2023-07-13 00:00:00,44.518001556396484,46.154998779296875,44.492000579833984,45.97700119018555,478204000.0
2023-07-14 00:00:00,46.58300018310547,48.0880012512207,45.060001373291016,45.46900177001953,772075000.0
2023-07-17 00:00:00,46.28900146484375,46.49599838256836,45.262001037597656,46.46099853515625,510488000.0
2023-07-18 00:00:00,46.70100021362305,47.895999908447266,45.73400115966797,47.49399948120117,569164000.0
2023-07-19 00:00:00,47.4640007019043,47.81800079345703,46.742000579833984,47.07699966430664,427502000.0
2023-07-20 00:00:00,46.50699996948242,47.08700180053711,45.0620002746582,45.52000045776367,537865000.0
2023-07-21 00:00:00,45.78799819946289,45.86600112915039,44.099998474121094,44.308998107910156,963769000.0
2023-07-24 00:00:00,44.73099899291992,45.10900115966797,44.040000915527344,44.61199951171875,382516000.0
2023-07-25 00:00:00,44.941001892089844,46.18299865722656,44.92300033569336,45.67900085449219,348081000.0
2023-07-26 00:00:00,46.020999908447266,46.053001403808594,44.630001068115234,45.45199966430664,364237000.0
2023-07-27 00:00:00,46.51900100708008,47.39500045776367,45.75,45.900001525878906,455976000.0
2023-07-28 00:00:00,46.667999267578125,47.027000427246094,46.38100051879883,46.75,331194000.0
2023-07-31 00:00:00,46.75400161743164,47.130001068115234,46.50600051879883,46.729000091552734,251055000.0
2023-08-01 00:00:00,46.459999084472656,46.900001525878906,46.027000427246094,46.50699996948242,237858000.0
2023-08-02 00:00:00,45.83100128173828,45.84000015258789,43.387001037597656,44.26900100708008,530142000.0
2023-08-03 00:00:00,43.79999923706055,45.11800003051758,43.79999923706055,44.51499938964844,324176000.0
2023-08-04 00:00:00,44.98500061035156,45.641998291015625,44.393001556396484,44.68000030517578,362666000.0
2023-08-07 00:00:00,45.111000061035156,45.540000915527344,44.5629997253418,45.41699981689453,322154000.0
2023-08-08 00:00:00,44.85300064086914,45.242000579833984,44.055999755859375,44.66400146484375,353843000.0
2023-08-09 00:00:00,44.27399826049805,44.3120002746582,42.13399887084961,42.55400085449219,586449000.0
2023-08-10 00:00:00,42.15999984741211,43.57400131225586,41.834999084472656,42.38800048828125,492705000.0
2023-08-11 00:00:00,41.750999450683594,42.018001556396484,40.638999938964844,40.85499954223633,533085000.0
2023-08-14 00:00:00,40.486000061035156,43.79999923706055,40.31100082397461,43.75299835205078,690286000.0
2023-08-15 00:00:00,44.560001373291016,45.268001556396484,43.709999084472656,43.939998626708984,676512000.0
2023-08-16 00:00:00,44.52000045776367,44.67499923706055,43.40599822998047,43.486000061035156,527451000.0
2023-08-17 00:00:00,43.970001220703125,44.0620002746582,43.000999450683594,43.34400177001953,452395000.0
2023-08-18 00:00:00,42.6349983215332,43.577999114990234,41.65999984741211,43.29899978637695,583768000.0
2023-08-21 00:00:00,44.49399948120117,47.064998626708984,44.22200012207031,46.96699905395508,692573000.0
2023-08-22 00:00:00,48.1349983215332,48.1870002746582,45.33300018310547,45.667999267578125,755293000.0
2023-08-23 00:00:00,45.86600112915039,47.20000076293945,45.20800018310547,47.11600112915039,779046000.0
2023-08-24 00:00:00,50.215999603271484,50.26599884033203,47.159000396728516,47.16299819946289,1156044000.0
2023-08-25 00:00:00,47.012001037597656,47.80500030517578,45.02399826049805,46.018001556396484,925341000.0
2023-08-28 00:00:00,46.481998443603516,46.97999954223633,44.88800048828125,46.834999084472656,685192000.0
2023-08-29 00:00:00,46.66600036621094,49.08100128173828,46.39099884033203,48.784000396728516,701397000.0
2023-08-30 00:00:00,49.04399871826172,49.926998138427734,48.42499923706055,49.263999938964844,735206000.0
2023-08-31 00:00:00,49.380001068115234,49.74399948120117,48.95800018310547,49.35499954223633,528570000.0
2023-09-01 00:00:00,49.762001037597656,49.79999923706055,48.141998291015625,48.50899887084961,463830000.0
2023-09-05 00:00:00,48.222999572753906,48.85100173950195,47.86000061035156,48.54800033569336,382653000.0
2023-09-06 00:00:00,48.441001892089844,48.54899978637695,46.58000183105469,47.06100082397461,468670000.0
2023-09-07 00:00:00,45.525001525878906,46.34400177001953,45.152000427246094,46.24100112915039,433330000.0
2023-09-08 00:00:00,45.94200134277344,46.60599899291992,45.270999908447266,45.571998596191406,473069000.0
2023-09-11 00:00:00,46.14799880981445,46.16299819946289,44.3120002746582,45.178001403808594,473966000.0
2023-09-12 00:00:00,44.737998962402344,45.67300033569336,44.53099822998047,44.869998931884766,349256000.0
2023-09-13 00:00:00,44.599998474121094,45.93000030517578,44.50299835205078,45.48500061035156,398355000.0
2023-09-14 00:00:00,45.95000076293945,45.98699951171875,45.13100051879883,45.58100128173828,370097000.0
2023-09-15 00:00:00,45.340999603271484,45.5989990234375,43.80799865722656,43.900001525878906,506831000.0
2023-09-18 00:00:00,42.74800109863281,44.242000579833984,42.0,43.965999603271484,500271000.0
2023-09-19 00:00:00,43.83300018310547,43.965999603271484,43.00199890136719,43.52000045776367,373064000.0
2023-09-20 00:00:00,43.599998474121094,43.90299987792969,42.222999572753906,42.23899841308594,367108000.0
2023-09-21 00:00:00,41.58300018310547,42.099998474121094,40.97999954223633,41.016998291015625,450736000.0
2023-09-22 00:00:00,41.571998596191406,42.1150016784668,41.23099899291992,41.61000061035156,479236000.0
2023-09-25 00:00:00,41.590999603271484,42.5359992980957,41.176998138427734,42.22200012207031,419091000.0
2023-09-26 00:00:00,42.000999450683594,42.81999969482422,41.654998779296875,41.9109992980957,402282000.0
2023-09-27 00:00:00,42.33000183105469,42.87200164794922,41.62900161743164,42.46799850463867,444935000.0
2023-09-28 00:00:00,42.459999084472656,43.44599914550781,42.1150016784668,43.0890007019043,424663000.0
2023-09-29 00:00:00,43.82699966430664,44.14400100708008,43.30699920654297,43.499000549316406,397830000.0
2023-10-02 00:00:00,44.029998779296875,45.17499923706055,43.861000061035156,44.78200149536133,433298000.0
2023-10-03 00:00:00,44.80799865722656,45.130001068115234,43.24599838256836,43.516998291015625,470850000.0
2023-10-04 00:00:00,43.742000579833984,44.143001556396484,43.29199981689453,44.04100036621094,361821000.0
2023-10-05 00:00:00,44.04999923706055,44.900001525878906,43.88800048828125,44.6879997253418,393483000.0
2023-10-06 00:00:00,44.19300079345703,45.78900146484375,44.0260009765625,45.762001037597656,434436000.0
2023-10-09 00:00:00,44.84199905395508,45.60499954223633,44.36800003051758,45.27299880981445,409675000.0
2023-10-10 00:00:00,45.310001373291016,46.25899887084961,45.0880012512207,45.79800033569336,368582000.0
2023-10-11 00:00:00,46.19599914550781,46.85900115966797,46.04999923706055,46.805999755859375,378137000.0
2023-10-12 00:00:00,46.777000427246094,47.60900115966797,46.33000183105469,46.94499969482422,481325000.0
2023-10-13 00:00:00,46.959999084472656,47.11600112915039,45.279998779296875,45.46099853515625,474115000.0
2023-10-16 00:00:00,45.0629997253418,46.224998474121094,44.9119987487793,46.095001220703125,375099000.0
2023-10-17 00:00:00,44.0,44.75400161743164,42.47999954223633,43.9379997253418,812333000.0
2023-10-18 00:00:00,42.590999603271484,43.21900177001953,41.82500076293945,42.19599914550781,627294000.0
2023-10-19 00:00:00,42.81100082397461,43.297000885009766,41.88199996948242,42.10100173950195,501233000.0
2023-10-20 00:00:00,41.88999938964844,42.470001220703125,41.077999114990234,41.387001037597656,477266000.0
2023-10-23 00:00:00,41.229000091552734,43.24800109863281,40.94499969482422,42.974998474121094,478530000.0
2023-10-24 00:00:00,43.07699966430664,43.696998596191406,42.691001892089844,43.66299819946289,401463000.0
2023-10-25 00:00:00,43.39799880981445,43.650001525878906,41.55500030517578,41.77899932861328,398379000.0
2023-10-26 00:00:00,41.85300064086914,42.25600051879883,39.880001068115234,40.32600021362305,541001000.0
2023-10-27 00:00:00,41.130001068115234,41.20600128173828,40.01499938964844,40.5,416784000.0
2023-10-30 00:00:00,41.08700180053711,41.76599884033203,40.48099899291992,41.1609992980957,388028000.0
2023-10-31 00:00:00,40.45000076293945,40.87900161743164,39.22999954223633,40.779998779296875,517969000.0
2023-11-01 00:00:00,40.88399887084961,42.38100051879883,40.86899948120117,42.32500076293945,437593000.0
2023-11-02 00:00:00,43.327999114990234,43.88399887084961,42.89400100708008,43.50600051879883,409172000.0
2023-11-03 00:00:00,44.02000045776367,45.308998107910156,43.722999572753906,45.005001068115234,424610000.0
2023-11-06 00:00:00,45.28499984741211,45.935001373291016,44.89899826049805,45.750999450683594,400733000.0
2023-11-07 00:00:00,45.71900177001953,46.21799850463867,45.15800094604492,45.95500183105469,343165000.0
2023-11-08 00:00:00,46.099998474121094,46.867000579833984,45.96799850463867,46.57400131225586,346719000.0
2023-11-09 00:00:00,47.46699905395508,48.22999954223633,46.75,46.95000076293945,540496000.0
2023-11-10 00:00:00,47.5,48.47200012207031,47.28300094604492,48.334999084472656,421245000.0
2023-11-13 00:00:00,48.31999969482422,49.11600112915039,48.0989990234375,48.619998931884766,384136000.0
2023-11-14 00:00:00,49.68000030517578,49.83399963378906,49.040000915527344,49.65599822998047,416954000.0
2023-11-15 00:00:00,49.935001373291016,49.959999084472656,48.20000076293945,48.88800048828125,475497000.0
2023-11-16 00:00:00,48.67900085449219,49.525001525878906,48.33000183105469,49.47999954223633,339756000.0
2023-11-17 00:00:00,49.52399826049805,49.71699905395508,49.00699996948242,49.29800033569336,325205000.0
2023-11-20 00:00:00,49.3120002746582,50.54800033569336,49.180999755859375,50.409000396728516,414120000.0
2023-11-21 00:00:00,50.125999450683594,50.516998291015625,49.22200012207031,49.944000244140625,565747000.0
2023-11-22 00:00:00,49.85200119018555,50.334999084472656,47.689998626708984,48.715999603271484,899420000.0
2023-11-24 00:00:00,48.470001220703125,48.92100143432617,47.744998931884766,47.7760009765625,294645000.0
2023-11-27 00:00:00,47.79999923706055,48.529998779296875,47.652000427246094,48.242000579833984,395662000.0
2023-11-28 00:00:00,48.236000061035156,48.323001861572266,47.472999572753906,47.82099914550781,401491000.0
2023-11-29 00:00:00,48.37900161743164,48.762001037597656,47.86000061035156,48.13999938964844,382005000.0
2023-11-30 00:00:00,48.02399826049805,48.11000061035156,46.422000885009766,46.77000045776367,526247000.0
2023-12-01 00:00:00,46.525001525878906,47.20000076293945,46.1870002746582,46.76499938964844,369317000.0
2023-12-04 00:00:00,46.07699966430664,46.07699966430664,45.0099983215332,45.5099983215332,437543000.0
2023-12-05 00:00:00,45.465999603271484,46.599998474121094,45.270999908447266,46.566001892089844,371718000.0
2023-12-06 00:00:00,47.21500015258789,47.387001037597656,45.4119987487793,45.50299835205078,380590000.0
2023-12-07 00:00:00,45.70000076293945,46.62900161743164,45.604000091552734,46.59600067138672,350823000.0
2023-12-08 00:00:00,46.595001220703125,47.74100112915039,46.54999923706055,47.50600051879883,359224000.0
2023-12-11 00:00:00,47.49100112915039,47.53099822998047,45.83000183105469,46.62699890136719,509728000.0
2023-12-12 00:00:00,46.04600143432617,47.66600036621094,46.04600143432617,47.65700149536133,372387000.0
2023-12-13 00:00:00,47.62900161743164,48.59400177001953,47.608001708984375,48.0880012512207,447792000.0
2023-12-14 00:00:00,48.38999938964844,48.66999816894531,47.422000885009766,48.349998474121094,391232000.0
2023-12-15 00:00:00,48.194000244140625,49.40399932861328,48.119998931884766,48.88999938964844,479948000.0
2023-12-18 00:00:00,49.400001525878906,50.43299865722656,49.150001525878906,50.07699966430664,412587000.0
2023-12-19 00:00:00,49.42399978637695,49.70000076293945,48.89500045776367,49.604000091552734,464444000.0
2023-12-20 00:00:00,49.654998779296875,49.999000549316406,48.097999572753906,48.111000061035156,397894000.0
2023-12-21 00:00:00,48.81100082397461,49.095001220703125,48.41899871826172,48.9900016784668,300425000.0
2023-12-22 00:00:00,49.19499969482422,49.382999420166016,48.46699905395508,48.83000183105469,252507000.0
2023-12-26 00:00:00,48.96799850463867,49.599998474121094,48.959999084472656,49.27899932861328,244200000.0
2023-12-27 00:00:00,49.51100158691406,49.68000030517578,49.084999084472656,49.41699981689453,233648000.0
2023-12-28 00:00:00,49.643001556396484,49.88399887084961,49.4119987487793,49.52199935913086,246587000.0
2023-12-29 00:00:00,49.8129997253418,49.99700164794922,48.750999450683594,49.52199935913086,389293000.0
2024-01-02 00:00:00,49.24399948120117,49.29499816894531,47.595001220703125,48.167999267578125,411254000.0
2024-01-03 00:00:00,47.48500061035156,48.183998107910156,47.31999969482422,47.569000244140625,320896000.0
2024-01-04 00:00:00,47.766998291015625,48.5,47.507999420166016,47.99800109863281,306535000.0
2024-01-05 00:00:00,48.46200180053711,49.547000885009766,48.305999755859375,49.09700012207031,415039000.0
2024-01-08 00:00:00,49.512001037597656,52.275001525878906,49.479000091552734,52.25299835205078,642510000.0
2024-01-09 00:00:00,52.4010009765625,54.32500076293945,51.689998626708984,53.13999938964844,773100000.0
2024-01-10 00:00:00,53.61600112915039,54.599998474121094,53.48899841308594,54.349998474121094,533796000.0
2024-01-11 00:00:00,54.999000549316406,55.34600067138672,53.560001373291016,54.821998596191406,596759000.0
2024-01-12 00:00:00,54.619998931884766,54.970001220703125,54.33000183105469,54.709999084472656,352994000.0
2024-01-16 00:00:00,55.018001556396484,56.834999084472656,54.900001525878906,56.38199996948242,449580000.0
2024-01-17 00:00:00,56.34700012207031,56.47100067138672,54.7400016784668,56.053001403808594,474394000.0
2024-01-18 00:00:00,57.2599983215332,57.599998474121094,56.106998443603516,57.106998443603516,491650000.0
2024-01-19 00:00:00,57.98899841308594,59.5,57.224998474121094,59.49100112915039,543501000.0
2024-01-22 00:00:00,60.04899978637695,60.33100128173828,59.06999969482422,59.65399932861328,452955000.0
2024-01-23 00:00:00,59.56999969482422,59.90999984741211,58.584999084472656,59.87300109863281,294654000.0
2024-01-24 00:00:00,60.30400085449219,62.8489990234375,59.9379997253418,61.36199951171875,560271000.0
2024-01-25 00:00:00,62.349998474121094,62.71900177001953,60.849998474121094,61.617000579833984,482777000.0
2024-01-26 00:00:00,60.959999084472656,61.78300094604492,60.573001861572266,61.03099822998047,390309000.0
2024-01-29 00:00:00,61.231998443603516,62.48899841308594,60.90700149536133,62.46500015258789,348733000.0
2024-01-30 00:00:00,62.900001525878906,63.49300003051758,62.2599983215332,62.77399826049805,410735000.0
2024-01-31 00:00:00,61.439998626708984,62.26900100708008,60.70000076293945,61.527000427246094,453795000.0
2024-02-01 00:00:00,62.099998474121094,63.191001892089844,61.650001525878906,63.027000427246094,369146000.0
2024-02-02 00:00:00,63.9739990234375,66.5999984741211,63.689998626708984,66.16000366210938,476578000.0
2024-02-05 00:00:00,68.2249984741211,69.49700164794922,67.20500183105469,69.33200073242188,680078000.0
2024-02-06 00:00:00,69.62999725341797,69.75399780273438,66.30000305175781,68.2229995727539,683111000.0
2024-02-07 00:00:00,68.31900024414062,70.22000122070312,67.5999984741211,70.0989990234375,495575000.0
2024-02-08 00:00:00,70.0739974975586,70.79399871826172,69.45500183105469,69.64099884033203,414422000.0
2024-02-09 00:00:00,70.53299713134766,72.18499755859375,70.21199798583984,72.13300323486328,436637000.0
2024-02-12 00:00:00,72.5999984741211,74.61100006103516,71.25,72.24800109863281,613710000.0
2024-02-13 00:00:00,70.4000015258789,73.44999694824219,69.62000274658203,72.12799835205078,602580000.0
2024-02-14 00:00:00,73.2020034790039,74.23600006103516,71.93800354003906,73.9000015258789,504917000.0
2024-02-15 00:00:00,73.86900329589844,73.9749984741211,72.4000015258789,72.65799713134766,420122000.0
2024-02-16 00:00:00,74.0999984741211,74.4020004272461,72.5009994506836,72.61299896240234,495327000.0
2024-02-20 00:00:00,71.9469985961914,71.95600128173828,67.73400115966797,69.4520034790039,704833000.0
2024-02-21 00:00:00,68.00599670410156,68.88800048828125,66.24800109863281,67.47200012207031,690298000.0
2024-02-22 00:00:00,75.0250015258789,78.57499694824219,74.22000122070312,78.53800201416016,865100000.0
2024-02-23 00:00:00,80.79000091552734,82.39399719238281,77.56999969482422,78.81700134277344,829388000.0
2024-02-26 00:00:00,79.69999694824219,80.64600372314453,78.50499725341797,79.09200286865234,503973000.0
2024-02-27 00:00:00,79.38099670410156,79.4800033569336,77.16200256347656,78.70099639892578,391705000.0
2024-02-28 00:00:00,77.62000274658203,78.93299865722656,77.125,77.66300201416016,393110000.0
2024-02-29 00:00:00,79.09400177001953,79.98999786376953,78.3499984741211,79.11199951171875,507289000.0
2024-03-01 00:00:00,80.0,82.30000305175781,79.43499755859375,82.27899932861328,479135000.0
2024-03-04 00:00:00,84.12999725341797,87.69499969482422,83.71900177001953,85.23699951171875,615616000.0
2024-03-05 00:00:00,85.2699966430664,86.09700012207031,83.41699981689453,85.96399688720703,520639000.0
2024-03-06 00:00:00,88.02200317382812,89.7239990234375,87.02999877929688,88.69999694824219,582520000.0
2024-03-07 00:00:00,90.15799713134766,92.76699829101562,89.60199737548828,92.66899871826172,608119000.0
2024-03-08 00:00:00,95.13800048828125,97.4000015258789,86.50599670410156,87.52799987792969,1142269000.0
2024-03-11 00:00:00,86.42900085449219,88.7969970703125,84.16600036621094,85.77400207519531,678364000.0
2024-03-12 00:00:00,88.04900360107422,91.95999908447266,86.1500015258789,91.91300201416016,668075000.0
2024-03-13 00:00:00,91.05500030517578,91.50399780273438,88.43499755859375,90.88800048828125,635713000.0
2024-03-14 00:00:00,89.5770034790039,90.64600372314453,86.5999984741211,87.94400024414062,602318000.0
2024-03-15 00:00:00,86.93000030517578,89.5459976196289,86.25700378417969,87.83699798583984,642086000.0
2024-03-18 00:00:00,90.38800048828125,92.40499877929688,87.08499908447266,88.45500183105469,668976000.0
2024-03-19 00:00:00,86.69999694824219,90.54399871826172,85.01000213623047,89.39800262451172,672171000.0
2024-03-20 00:00:00,89.7969970703125,90.41000366210938,88.2229995727539,90.37200164794922,479063000.0
2024-03-21 00:00:00,92.30000305175781,92.64800262451172,90.40499877929688,91.43499755859375,480372000.0
2024-03-22 00:00:00,91.14099884033203,94.77799987792969,90.83399963378906,94.28900146484375,586719000.0
2024-03-25 00:00:00,93.94100189208984,96.76599884033203,93.51000213623047,95.00199890136719,552136000.0
2024-03-26 00:00:00,95.85099792480469,96.375,92.50199890136719,92.56099700927734,513648000.0
2024-03-27 00:00:00,93.11199951171875,93.23999786376953,89.12300109863281,90.25,586067000.0
2024-03-28 00:00:00,90.0,91.30000305175781,89.19300079345703,90.35600280761719,435212000.0
2024-04-01 00:00:00,90.29900360107422,92.2249984741211,89.2040023803711,90.36299896240234,452441000.0
2024-04-02 00:00:00,88.447998046875,90.09400177001953,87.62000274658203,89.4520034790039,433064000.0
2024-04-03 00:00:00,88.48400115966797,90.3740005493164,88.4000015258789,88.96399688720703,370067000.0
2024-04-04 00:00:00,90.40599822998047,90.63400268554688,85.87999725341797,85.90499877929688,434965000.0
2024-04-05 00:00:00,86.86599731445312,88.48100280761719,85.9260025024414,88.00800323486328,399678000.0
2024-04-08 00:00:00,88.69999694824219,88.83000183105469,86.73200225830078,87.13300323486328,283220000.0
2024-04-09 00:00:00,87.44200134277344,87.63500213623047,83.02200317382812,85.35399627685547,503547000.0
2024-04-10 00:00:00,83.9260025024414,87.4000015258789,83.70899963378906,87.03900146484375,431929000.0
2024-04-11 00:00:00,87.41999816894531,90.73899841308594,86.9260025024414,90.61599731445312,431637000.0
2024-04-12 00:00:00,89.6989974975586,90.17500305175781,87.52999877929688,88.18599700927734,426805000.0
2024-04-15 00:00:00,89.0979995727539,90.61299896240234,85.92900085449219,86.0009994506836,443077000.0
2024-04-16 00:00:00,86.43299865722656,88.11799621582031,86.06400299072266,87.41500091552734,370453000.0
2024-04-17 00:00:00,88.33999633789062,88.7750015258789,83.94999694824219,84.03500366210938,495400000.0
2024-04-18 00:00:00,84.97000122070312,86.19000244140625,82.4020004272461,84.6709976196289,447260000.0
2024-04-19 00:00:00,83.1500015258789,84.3239974975586,75.60600280761719,76.19999694824219,875198000.0
2024-04-22 00:00:00,78.10399627685547,80.072998046875,76.4000015258789,79.51799774169922,596341000.0
2024-04-23 00:00:00,80.76899719238281,82.76899719238281,80.26399993896484,82.4229965209961,438559000.0
2024-04-24 00:00:00,83.94999694824219,84.08200073242188,79.18299865722656,79.677001953125,512208000.0
2024-04-25 00:00:00,78.86799621582031,83.322998046875,78.2229995727539,82.63200378417969,424641000.0
2024-04-26 00:00:00,83.81800079345703,88.33100128173828,83.38700103759766,87.73500061035156,551011000.0
2024-04-29 00:00:00,87.59500122070312,87.99199676513672,85.26599884033203,87.75700378417969,388971000.0
2024-04-30 00:00:00,87.23999786376953,88.81900024414062,86.30000305175781,86.4020004272461,363709000.0
2024-05-01 00:00:00,85.0770034790039,86.0,81.25499725341797,83.04100036621094,559863000.0
2024-05-02 00:00:00,84.4489974975586,86.23699951171875,83.19999694824219,85.81700134277344,377898000.0
2024-05-03 00:00:00,87.78900146484375,89.28099822998047,87.04000091552734,88.78900146484375,398341000.0
2024-05-06 00:00:00,89.38999938964844,92.22000122070312,89.05500030517578,92.13999938964844,376203000.0
2024-05-07 00:00:00,91.0979995727539,91.78099822998047,89.01100158691406,90.55400085449219,437342000.0
2024-05-08 00:00:00,89.48300170898438,91.19400024414062,89.41999816894531,90.41200256347656,325721000.0
2024-05-09 00:00:00,90.52899932861328,91.0719985961914,88.23100280761719,88.74700164794922,378013000.0
2024-05-10 00:00:00,90.30500030517578,91.4010009765625,89.22699737548828,89.87799835205078,335325000.0
2024-05-13 00:00:00,90.47799682617188,90.99800109863281,88.52899932861328,90.39900207519531,289680000.0
2024-05-14 00:00:00,89.5989990234375,91.6510009765625,88.93399810791016,91.35600280761719,296507000.0
2024-05-15 00:00:00,92.47200012207031,94.86199951171875,91.5989990234375,94.62999725341797,417735000.0
2024-05-16 00:00:00,94.91000366210938,95.81900024414062,94.10299682617188,94.35900115966797,323952000.0
2024-05-17 00:00:00,94.36900329589844,94.73999786376953,91.80599975585938,92.47899627685547,359691000.0
2024-05-20 00:00:00,93.75,95.19999694824219,93.44000244140625,94.77999877929688,318764000.0
2024-05-21 00:00:00,93.5989990234375,95.4000015258789,93.18000030517578,95.38600158691406,328946000.0
2024-05-22 00:00:00,95.45899963378906,96.0199966430664,93.2490005493164,94.94999694824219,548648000.0
2024-05-23 00:00:00,102.02799987792969,106.31999969482422,101.5199966430664,103.79900360107422,835065000.0
2024-05-24 00:00:00,104.4489974975586,106.4749984741211,103.0,106.46900177001953,429494000.0
2024-05-28 00:00:00,110.24400329589844,114.93900299072266,109.88300323486328,113.9010009765625,652728000.0
2024-05-29 00:00:00,113.05000305175781,115.49199676513672,110.9010009765625,114.82499694824219,557442000.0
2024-05-30 00:00:00,114.6500015258789,115.81900024414062,109.66300201416016,110.5,487350000.0
2024-05-31 00:00:00,112.5199966430664,112.71700286865234,106.94000244140625,109.63300323486328,613263000.0
2024-06-03 00:00:00,113.62100219726562,115.0,112.00299835205078,115.0,438392000.0
2024-06-04 00:00:00,115.71600341796875,116.5999984741211,114.04499816894531,116.43699645996094,403324000.0
2024-06-05 00:00:00,118.37100219726562,122.4489974975586,117.46800231933594,122.44000244140625,528402000.0
2024-06-06 00:00:00,124.0479965209961,125.58699798583984,118.31999969482422,120.99800109863281,664696000.0
2024-06-07 00:00:00,119.7699966430664,121.69200134277344,118.02200317382812,120.88800048828125,412386000.0
2024-06-10 00:00:00,120.37000274658203,123.0999984741211,117.01000213623047,121.79000091552734,314162700.0
2024-06-11 00:00:00,121.7699966430664,122.87000274658203,118.73999786376953,120.91000366210938,222551200.0
2024-06-12 00:00:00,123.05999755859375,126.87999725341797,122.56999969482422,125.19999694824219,299595000.0
2024-06-13 00:00:00,129.38999938964844,129.8000030517578,127.16000366210938,129.61000061035156,260704500.0
2024-06-14 00:00:00,129.9600067138672,132.83999633789062,128.32000732421875,131.8800048828125,309320400.0
2024-06-17 00:00:00,132.99000549316406,133.72999572753906,129.5800018310547,130.97999572753906,288504400.0
2024-06-18 00:00:00,131.13999938964844,136.3300018310547,130.69000244140625,135.5800018310547,294335100.0
2024-06-20 00:00:00,139.8000030517578,140.75999450683594,129.52000427246094,130.77999877929688,517768400.0
2024-06-21 00:00:00,127.12000274658203,130.6300048828125,124.30000305175781,126.56999969482422,655484700.0
2024-06-24 00:00:00,123.23999786376953,124.45999908447266,118.04000091552734,118.11000061035156,476060900.0
2024-06-25 00:00:00,121.19999694824219,126.5,119.31999969482422,126.08999633789062,425787500.0
2024-06-26 00:00:00,126.12999725341797,128.1199951171875,122.5999984741211,126.4000015258789,362975900.0
2024-06-27 00:00:00,124.0999984741211,126.41000366210938,122.91999816894531,123.98999786376953,252571700.0
2024-06-28 00:00:00,124.58000183105469,127.70999908447266,122.75,123.54000091552734,315516700.0
2024-07-01 00:00:00,123.47000122070312,124.83999633789062,118.83000183105469,124.30000305175781,284885500.0
2024-07-02 00:00:00,121.12999725341797,123.41000366210938,121.02999877929688,122.66999816894531,218374000.0
2024-07-03 00:00:00,121.66000366210938,128.27999877929688,121.36000061035156,128.27999877929688,215749000.0
2024-07-05 00:00:00,127.37999725341797,128.85000610351562,125.68000030517578,125.83000183105469,214176700.0
2024-07-08 00:00:00,127.48999786376953,130.77000427246094,127.04000091552734,128.1999969482422,237677300.0
2024-07-09 00:00:00,130.35000610351562,133.82000732421875,128.64999389648438,131.3800048828125,285366600.0
2024-07-10 00:00:00,134.02999877929688,135.10000610351562,132.4199981689453,134.91000366210938,248978600.0
2024-07-11 00:00:00,135.75,136.14999389648438,127.05000305175781,127.4000015258789,374782700.0
2024-07-12 00:00:00,128.25999450683594,131.9199981689453,127.22000122070312,129.24000549316406,252680500.0
2024-07-15 00:00:00,130.55999755859375,131.38999938964844,127.18000030517578,128.44000244140625,208326200.0
2024-07-16 00:00:00,128.44000244140625,129.0399932861328,124.58000183105469,126.36000061035156,214769500.0
2024-07-17 00:00:00,121.3499984741211,121.8499984741211,116.72000122070312,117.98999786376953,390086200.0
2024-07-18 00:00:00,121.8499984741211,122.4000015258789,116.55999755859375,121.08999633789062,320979500.0
2024-07-19 00:00:00,120.3499984741211,121.5999984741211,117.37000274658203,117.93000030517578,217223800.0
2024-07-22 00:00:00,120.3499984741211,124.06999969482422,119.86000061035156,123.54000091552734,258068900.0
2024-07-23 00:00:00,122.77999877929688,124.69000244140625,122.0999984741211,122.58999633789062,173911000.0
2024-07-24 00:00:00,119.16999816894531,119.94999694824219,113.44000244140625,114.25,327776900.0
2024-07-25 00:00:00,113.04000091552734,116.62999725341797,106.30000305175781,112.27999877929688,460067000.0
2024-07-26 00:00:00,116.19000244140625,116.19999694824219,111.58000183105469,113.05999755859375,293399100.0
2024-07-29 00:00:00,113.69000244140625,116.27999877929688,111.30000305175781,111.58999633789062,248152100.0
2024-07-30 00:00:00,111.5199966430664,111.98999786376953,102.54000091552734,103.7300033569336,486833300.0
2024-07-31 00:00:00,112.9000015258789,118.33999633789062,110.87999725341797,117.0199966430664,473174200.0
2024-08-01 00:00:00,117.52999877929688,120.16000366210938,106.80999755859375,109.20999908447266,523462300.0
2024-08-02 00:00:00,103.76000213623047,108.72000122070312,101.37000274658203,107.2699966430664,482027500.0
2024-08-05 00:00:00,92.05999755859375,103.41000366210938,90.69000244140625,100.44999694824219,552842400.0
2024-08-06 00:00:00,103.83999633789062,107.70999908447266,100.55000305175781,104.25,409012100.0
2024-08-07 00:00:00,107.80999755859375,108.80000305175781,98.69000244140625,98.91000366210938,411440400.0
2024-08-08 00:00:00,102.0,105.5,97.5199966430664,104.97000122070312,391910000.0
2024-08-09 00:00:00,105.63999938964844,106.5999984741211,103.43000030517578,104.75,290844200.0
2024-08-12 00:00:00,106.31999969482422,111.06999969482422,106.26000213623047,109.0199966430664,325559900.0
2024-08-13 00:00:00,112.44000244140625,116.2300033569336,111.58000183105469,116.13999938964844,312646700.0
2024-08-14 00:00:00,118.52999877929688,118.5999984741211,114.06999969482422,118.08000183105469,339246400.0
2024-08-15 00:00:00,118.76000213623047,123.23999786376953,117.47000122070312,122.86000061035156,318086700.0
2024-08-16 00:00:00,121.94000244140625,125.0,121.18000030517578,124.58000183105469,302589900.0
2024-08-19 00:00:00,124.27999877929688,130.0,123.41999816894531,130.0,318333600.0
2024-08-20 00:00:00,128.39999389648438,129.8800048828125,125.88999938964844,127.25,300087400.0
2024-08-21 00:00:00,127.31999969482422,129.35000610351562,126.66000366210938,128.5,257883600.0
2024-08-22 00:00:00,130.02000427246094,130.75,123.0999984741211,123.73999786376953,376189100.0
2024-08-23 00:00:00,125.86000061035156,129.60000610351562,125.22000122070312,129.3699951171875,323230300.0
2024-08-26 00:00:00,129.57000732421875,131.25999450683594,124.37000274658203,126.45999908447266,331964700.0
2024-08-27 00:00:00,125.05000305175781,129.1999969482422,123.87999725341797,128.3000030517578,303134600.0
2024-08-28 00:00:00,128.1199951171875,128.3300018310547,122.63999938964844,125.61000061035156,448101100.0
2024-08-29 00:00:00,121.36000061035156,124.43000030517578,116.70999908447266,117.58999633789062,453023300.0
2024-08-30 00:00:00,119.52999877929688,121.75,117.22000122070312,119.37000274658203,333751600.0
2024-09-03 00:00:00,116.01000213623047,116.20999908447266,107.29000091552734,108.0,477155100.0
2024-09-04 00:00:00,105.41000366210938,113.2699966430664,104.12000274658203,106.20999908447266,372470300.0
2024-09-05 00:00:00,104.98999786376953,109.6500015258789,104.76000213623047,107.20999908447266,306850700.0
2024-09-06 00:00:00,108.04000091552734,108.1500015258789,100.94999694824219,102.83000183105469,413638100.0
2024-09-09 00:00:00,104.87999725341797,106.55000305175781,103.69000244140625,106.47000122070312,273912000.0
2024-09-10 00:00:00,107.80999755859375,109.4000015258789,104.94999694824219,108.0999984741211,268283700.0
2024-09-11 00:00:00,109.38999938964844,117.19000244140625,107.41999816894531,116.91000366210938,441422400.0
2024-09-12 00:00:00,116.83999633789062,120.79000091552734,115.37999725341797,119.13999938964844,367100500.0
2024-09-13 00:00:00,119.08000183105469,119.95999908447266,117.5999984741211,119.0999984741211,238358300.0
2024-09-16 00:00:00,116.79000091552734,118.18000030517578,114.36000061035156,116.77999877929688,248772300.0
2024-09-17 00:00:00,118.16999816894531,118.80000305175781,114.83000183105469,115.58999633789062,231925900.0
2024-09-18 00:00:00,115.88999938964844,117.69999694824219,113.22000122070312,113.37000274658203,310318900.0
2024-09-19 00:00:00,117.3499984741211,119.66000366210938,117.25,117.87000274658203,293506400.0
2024-09-20 00:00:00,117.05999755859375,118.62000274658203,115.38999938964844,116.0,382462400.0
2024-09-23 00:00:00,116.55000305175781,116.98999786376953,114.86000061035156,116.26000213623047,206228500.0
2024-09-24 00:00:00,116.5199966430664,121.80000305175781,115.37999725341797,120.87000274658203,354966800.0
2024-09-25 00:00:00,122.0199966430664,124.94000244140625,121.61000061035156,123.51000213623047,284692900.0
2024-09-26 00:00:00,126.80000305175781,127.66999816894531,121.80000305175781,124.04000091552734,302582900.0
2024-09-27 00:00:00,123.97000122070312,124.02999877929688,119.26000213623047,121.4000015258789,271009200.0
2024-09-30 00:00:00,118.30999755859375,121.5,118.1500015258789,121.44000244140625,226553700.0
2024-10-01 00:00:00,121.7699966430664,122.44000244140625,115.79000091552734,117.0,302094500.0
2024-10-02 00:00:00,116.44000244140625,119.37999725341797,115.13999938964844,118.8499984741211,221845900.0
2024-10-03 00:00:00,120.91999816894531,124.36000061035156,120.33999633789062,122.8499984741211,277118000.0
2024-10-04 00:00:00,124.94000244140625,125.04000091552734,121.83000183105469,124.91999816894531,243678100.0
2024-10-07 00:00:00,124.98999786376953,130.63999938964844,124.94999694824219,127.72000122070312,346250200.0
2024-10-08 00:00:00,130.25999450683594,133.47999572753906,129.4199981689453,132.88999938964844,285722500.0
2024-10-09 00:00:00,134.11000061035156,134.52000427246094,131.3800048828125,132.64999389648438,246191600.0
2024-10-10 00:00:00,131.91000366210938,135.0,131.0,134.80999755859375,242311300.0
2024-10-11 00:00:00,134.00999450683594,135.77999877929688,133.66000366210938,134.8000030517578,170209500.0
2024-10-14 00:00:00,136.47000122070312,139.60000610351562,136.3000030517578,138.07000732421875,232347700.0
2024-10-15 00:00:00,137.8699951171875,138.57000732421875,128.74000549316406,131.60000610351562,377831000.0
2024-10-16 00:00:00,133.97999572753906,136.6199951171875,131.5800018310547,135.72000122070312,264879700.0
2024-10-17 00:00:00,139.33999633789062,140.88999938964844,136.8699951171875,136.92999267578125,306435900.0
2024-10-18 00:00:00,138.6699981689453,138.89999389648438,137.27999877929688,138.0,176090200.0
2024-10-21 00:00:00,138.1300048828125,143.7100067138672,138.0,143.7100067138672,264554500.0
2024-10-22 00:00:00,142.91000366210938,144.4199981689453,141.77999877929688,143.58999633789062,226311600.0
2024-10-23 00:00:00,142.02999877929688,142.42999267578125,137.4600067138672,139.55999755859375,285930000.0
2024-10-24 00:00:00,140.82000732421875,141.35000610351562,138.4600067138672,140.41000366210938,172354900.0
2024-10-25 00:00:00,140.92999267578125,144.1300048828125,140.8000030517578,141.5399932861328,205122100.0
2024-10-28 00:00:00,143.0,143.13999938964844,140.0500030517578,140.52000427246094,173586700.0
2024-10-29 00:00:00,140.2899932861328,142.25999450683594,138.89999389648438,141.25,157593600.0
2024-10-30 00:00:00,139.5399932861328,140.3300018310547,136.80999755859375,139.33999633789062,179418100.0
2024-10-31 00:00:00,137.60000610351562,137.61000061035156,132.11000061035156,132.75999450683594,270039600.0
2024-11-01 00:00:00,134.6999969482422,137.30999755859375,134.57000732421875,135.39999389648438,207127800.0
2024-11-04 00:00:00,137.2100067138672,138.9600067138672,135.57000732421875,136.0500030517578,187528200.0
2024-11-05 00:00:00,137.4499969482422,140.3699951171875,137.3300018310547,139.91000366210938,160537400.0
2024-11-06 00:00:00,142.9600067138672,146.49000549316406,141.9600067138672,145.61000061035156,242043900.0
2024-11-07 00:00:00,146.38999938964844,148.92999267578125,146.1699981689453,148.8800048828125,207323300.0
2024-11-08 00:00:00,148.77000427246094,149.77000427246094,146.25999450683594,147.6300048828125,175665800.0
2024-11-11 00:00:00,148.67999267578125,148.85000610351562,143.57000732421875,145.25999450683594,182325600.0
2024-11-12 00:00:00,146.77999877929688,149.64999389648438,146.00999450683594,148.2899932861328,198634700.0
2024-11-13 00:00:00,149.07000732421875,149.3300018310547,145.89999389648438,146.27000427246094,191903300.0
2024-11-14 00:00:00,147.63999938964844,149.0,145.5500030517578,146.75999450683594,194463300.0
2024-11-15 00:00:00,144.8699951171875,145.24000549316406,140.0800018310547,141.97999572753906,250132900.0
2024-11-18 00:00:00,139.5,141.5500030517578,137.14999389648438,140.14999389648438,221866000.0
2024-11-19 00:00:00,141.32000732421875,147.1300048828125,140.99000549316406,147.00999450683594,227834900.0
2024-11-20 00:00:00,147.41000366210938,147.55999755859375,142.72999572753906,145.88999938964844,309871700.0
2024-11-21 00:00:00,149.35000610351562,152.88999938964844,140.6999969482422,146.6699981689453,400946600.0
2024-11-22 00:00:00,145.92999267578125,147.16000366210938,141.10000610351562,141.9499969482422,236406200.0
2024-11-25 00:00:00,141.99000549316406,142.0500030517578,135.82000732421875,136.02000427246094,344941900.0
2024-11-26 00:00:00,137.6999969482422,139.3000030517578,135.6699981689453,136.9199981689453,190287700.0
2024-11-27 00:00:00,135.00999450683594,137.22000122070312,131.8000030517578,135.33999633789062,226370900.0
2024-11-29 00:00:00,136.77999877929688,139.35000610351562,136.0500030517578,138.25,141863200.0
2024-12-02 00:00:00,138.8300018310547,140.4499969482422,137.82000732421875,138.6300048828125,171682800.0
2024-12-03 00:00:00,138.25999450683594,140.5399932861328,137.9499969482422,140.25999450683594,164414000.0
2024-12-04 00:00:00,142.0,145.7899932861328,140.2899932861328,145.13999938964844,231224300.0
2024-12-05 00:00:00,145.11000061035156,146.5399932861328,143.9499969482422,145.05999755859375,172621200.0
2024-12-06 00:00:00,144.60000610351562,145.6999969482422,141.30999755859375,142.44000244140625,188505600.0
2024-12-09 00:00:00,138.97000122070312,139.9499969482422,137.1300048828125,138.80999755859375,189308600.0
2024-12-10 00:00:00,139.00999450683594,141.82000732421875,133.7899932861328,135.07000732421875,210020900.0
2024-12-11 00:00:00,137.36000061035156,140.1699981689453,135.2100067138672,139.30999755859375,184905200.0
2024-12-12 00:00:00,137.0800018310547,138.44000244140625,135.8000030517578,137.33999633789062,159211400.0
2024-12-13 00:00:00,138.94000244140625,139.60000610351562,132.5399932861328,134.25,231514900.0
2024-12-16 00:00:00,134.17999267578125,134.39999389648438,130.4199981689453,132.0,237951100.0
2024-12-17 00:00:00,129.08999633789062,131.58999633789062,126.86000061035156,130.38999938964844,259410300.0
2024-12-18 00:00:00,133.86000061035156,136.6999969482422,128.27999877929688,128.91000366210938,277444500.0
2024-12-19 00:00:00,131.75999450683594,134.02999877929688,129.5500030517578,130.67999267578125,209719200.0
2024-12-20 00:00:00,129.80999755859375,135.27999877929688,128.22000122070312,134.6999969482422,306528600.0
2024-12-23 00:00:00,136.27999877929688,139.7899932861328,135.1199951171875,139.6699981689453,176053500.0
2024-12-24 00:00:00,140.0,141.89999389648438,138.64999389648438,140.22000122070312,105157000.0
2024-12-26 00:00:00,139.6999969482422,140.85000610351562,137.72999572753906,139.92999267578125,116205600.0
2024-12-27 00:00:00,138.5500030517578,139.02000427246094,134.7100067138672,137.00999450683594,170582600.0
2024-12-30 00:00:00,134.8300018310547,140.27000427246094,134.02000427246094,137.49000549316406,167734700.0
2024-12-31 00:00:00,138.02999877929688,138.07000732421875,133.8300018310547,134.2899932861328,155659200.0
2025-01-02 00:00:00,136.0,138.8800048828125,134.6300048828125,138.30999755859375,198247200.0
2025-01-03 00:00:00,140.00999450683594,144.89999389648438,139.72999572753906,144.47000122070312,229322500.0
2025-01-06 00:00:00,148.58999633789062,152.16000366210938,147.82000732421875,149.42999267578125,265377400.0
2025-01-07 00:00:00,153.02999877929688,153.1300048828125,140.00999450683594,140.13999938964844,351782200.0
2025-01-08 00:00:00,142.5800018310547,143.9499969482422,137.55999755859375,140.11000061035156,227349900.0
2025-01-10 00:00:00,137.4499969482422,139.9199981689453,134.22000122070312,135.91000366210938,207602500.0
2025-01-13 00:00:00,129.99000549316406,133.49000549316406,129.50999450683594,133.22999572753906,204808900.0
2025-01-14 00:00:00,136.0500030517578,136.3800048828125,130.0500030517578,131.75999450683594,195590500.0
2025-01-15 00:00:00,133.64999389648438,136.4499969482422,131.2899932861328,136.24000549316406,185217300.0
2025-01-16 00:00:00,138.63999938964844,138.75,133.49000549316406,133.57000732421875,209235600.0
2025-01-17 00:00:00,136.69000244140625,138.5,135.4600067138672,137.7100067138672,201188800.0
2025-01-21 00:00:00,139.16000366210938,141.8300018310547,137.08999633789062,140.8300018310547,197749000.0
2025-01-22 00:00:00,144.66000366210938,147.7899932861328,143.6699981689453,147.07000732421875,237651400.0
2025-01-23 00:00:00,145.0500030517578,147.22999572753906,143.72000122070312,147.22000122070312,155915500.0
2025-01-24 00:00:00,148.3699951171875,148.97000122070312,141.8800048828125,142.6199951171875,234657600.0
2025-01-27 00:00:00,124.80000305175781,128.39999389648438,116.69999694824219,118.41999816894531,818830900.0
2025-01-28 00:00:00,121.80999755859375,129.0,116.25,128.99000549316406,579666400.0
2025-01-29 00:00:00,126.5,126.88999938964844,120.05000305175781,123.69999694824219,467120600.0
2025-01-30 00:00:00,123.0999984741211,125.0,118.0999984741211,124.6500015258789,392925500.0
2025-01-31 00:00:00,123.77999877929688,127.8499984741211,119.19000244140625,120.06999969482422,390372900.0
2025-02-03 00:00:00,114.75,118.56999969482422,113.01000213623047,116.66000366210938,371235700.0
2025-02-04 00:00:00,116.95999908447266,121.19999694824219,116.69999694824219,118.6500015258789,256550000.0
2025-02-05 00:00:00,121.76000213623047,125.0,120.76000213623047,124.83000183105469,262230800.0
2025-02-06 00:00:00,127.41999816894531,128.77000427246094,125.20999908447266,128.67999267578125,251483600.0
2025-02-07 00:00:00,129.22000122070312,130.3699951171875,125.0,129.83999633789062,228186300.0
2025-02-10 00:00:00,130.08999633789062,135.0,129.9600067138672,133.57000732421875,216989100.0
2025-02-11 00:00:00,132.5800018310547,134.47999572753906,131.02000427246094,132.8000030517578,178902400.0
2025-02-12 00:00:00,130.02000427246094,132.24000549316406,129.0800018310547,131.13999938964844,160278600.0
2025-02-13 00:00:00,131.55999755859375,136.5,131.1699981689453,135.2899932861328,197430000.0
2025-02-14 00:00:00,136.47999572753906,139.25,135.5,138.85000610351562,194892300.0
2025-02-18 00:00:00,141.25,143.44000244140625,138.97999572753906,139.99000549316406,125282755.0
